{
  "name": "Cookie",
  "version": "1.2.0",
  "description": "Plugin to use the cookie of the browser.",
  "url": "https://github.com/wenzhixin/bootstrap-table/tree/master/src/extensions/cookie",
  "example": "http://issues.wenzhixin.net.cn/bootstrap-table/#extensions/cookie.html",

  "plugins": [{
    "name": "bootstrap-table-cookie",
    "url": "https://github.com/wenzhixin/bootstrap-table/tree/master/src/extensions/cookie"
  }],

  "author": {
    "name": "djhvscf",
    "image": "https://avatars1.githubusercontent.com/u/4496763"
  }
}